movie,director,m_year,critic,crit_org,crit_cn
Mulholland Drive,David Lynch,2001,Simon Abrams,Freelance film critic,US
In the Mood for Love,Wong Kar-wai,2000,Simon Abrams,Freelance film critic,US
The Tree of Life,Terrence Malick,2011,Simon Abrams,Freelance film critic,US
Yi Yi: A One and a Two,Edward Yang,2000,Simon Abrams,Freelance film critic,US
In the Mood for Love,Wong Kar-wai,2000,Sam Adams,Freelance film critic,US
Eternal Sunshine of the Spotless Mind,Michel Gondry,2004,Sam Adams,Freelance film critic,US
Spirited Away,Hayao Miyazaki,2001,Sam Adams,Freelance film critic,US
The Grand Budapest Hotel,Wes Anderson,2014,Sam Adams,Freelance film critic,US
The New World,Terrence Malick,2004,Sam Adams,Freelance film critic,US
The Grand Budapest Hotel,Wes Anderson,2014,Thelma Adams,Freelance film critic,US
Eternal Sunshine of the Spotless Mind,Michel Gondry,2004,Thelma Adams,Freelance film critic,US
In the Mood for Love,Wong Kar-wai,2000,Arturo Aguilar,Rolling Stone Mexico,Mexico
Mulholland Drive,David Lynch,2001,Arturo Aguilar,Rolling Stone Mexico,Mexico
Inception,Christopher Nolan,2010,Arturo Aguilar,Rolling Stone Mexico,Mexico
Pan's Labyrinth,Guillermo Del Toro,2006,Arturo Aguilar,Rolling Stone Mexico,Mexico
Caché,Michael Haneke,2005,Arturo Aguilar,Rolling Stone Mexico,Mexico
"4 Months, 3 Weeks & 2 Days",Cristian Mungiu,2007,Arturo Aguilar,Rolling Stone Mexico,Mexico
Holy Motors,Leos Carax,2012,Arturo Aguilar,Rolling Stone Mexico,Mexico
There Will Be Blood,Paul Thomas Anderson,2007,Arturo Aguilar,Rolling Stone Mexico,Mexico
The Piano Teacher,Michael Haneke,2001,Matthew Anderson,BBC Culture,UK
"4 Months, 3 Weeks & 2 Days",Cristian Mungiu,2007,Matthew Anderson,BBC Culture,UK
Caché,Michael Haneke,2005,Matthew Anderson,BBC Culture,UK
Mulholland Drive,David Lynch,2001,Matthew Anderson,BBC Culture,UK
Boyhood,Richard Linklater,2014,Matthew Anderson,BBC Culture,UK
No Country For Old Men,Joel and Ethan Coen,2007,Tim Appelo,The Wrap,US
Spirited Away,Hayao Miyazaki,2001,Tim Appelo,The Wrap,US
A Separation,Asghar Farhadi,2011,Tim Appelo,The Wrap,US
Pan's Labyrinth,Guillermo Del Toro,2006,Tim Appelo,The Wrap,US
Mulholland Drive,David Lynch,2001,Michael Arbeiter,Nerdist,US
Eternal Sunshine of the Spotless Mind,Michel Gondry,2004,Michael Arbeiter,Nerdist,US
Inside Llewyn Davis,Joel and Ethan Coen,2013,Michael Arbeiter,Nerdist,US
The Master,Paul Thomas Anderson,2012,Ali Arikan,Dipnot TV,Turkey
Mulholland Drive,David Lynch,2001,Ali Arikan,Dipnot TV,Turkey
Zodiac,David Fincher,2007,Ali Arikan,Dipnot TV,Turkey
A Serious Man,Joel and Ethan Coen,2009,Ali Arikan,Dipnot TV,Turkey
In the Mood for Love,Wong Kar-wai,2000,Ali Arikan,Dipnot TV,Turkey
2046,Wong Kar-wai,2004,Michael Atkinson,The Village Voice,US
Caché,Michael Haneke,2005,Michael Atkinson,The Village Voice,US
Inland Empire,David Lynch,2006,Michael Atkinson,The Village Voice,US
Mulholland Drive,David Lynch,2001,Michael Atkinson,The Village Voice,US
Eternal Sunshine of the Spotless Mind,Michel Gondry,2004,Michael Atkinson,The Village Voice,US
There Will Be Blood,Paul Thomas Anderson,2007,Ana Maria Bahiana,Freelance film critic,Brazil
Mulholland Drive,David Lynch,2001,Ana Maria Bahiana,Freelance film critic,Brazil
Children of Men,Alfonso Cuarón,2006,Ana Maria Bahiana,Freelance film critic,Brazil
Pan's Labyrinth,Guillermo Del Toro,2006,Ana Maria Bahiana,Freelance film critic,Brazil
Inception,Christopher Nolan,2010,Ana Maria Bahiana,Freelance film critic,Brazil
No Country For Old Men,Joel and Ethan Coen,2007,Ana Maria Bahiana,Freelance film critic,Brazil
In the Mood for Love,Wong Kar-wai,2000,Cameron Bailey,Toronto Film Festival,Canada
Spirited Away,Hayao Miyazaki,2001,Cameron Bailey,Toronto Film Festival,Canada
The White Ribbon,Michael Haneke,2009,Cameron Bailey,Toronto Film Festival,Canada
The Royal Tenenbaums,Wes Anderson,2001,Lindsay Baker,BBC Culture,UK
Moonrise Kingdom,Wes Anderson,2012,Lindsay Baker,BBC Culture,UK
Spirited Away,Hayao Miyazaki,2001,Lindsay Baker,BBC Culture,UK
Eternal Sunshine of the Spotless Mind,Michel Gondry,2004,Lindsay Baker,BBC Culture,UK
Inherent Vice,Paul Thomas Anderson,2014,Miriam Bale,Freelance film critic,US
Holy Motors,Leos Carax,2012,Miriam Bale,Freelance film critic,US
Inside Llewyn Davis,Joel and Ethan Coen,2013,Miriam Bale,Freelance film critic,US
Boyhood,Richard Linklater,2014,Nicholas Barber,BBC Culture,UK
Children of Men,Alfonso Cuarón,2006,Nicholas Barber,BBC Culture,UK
The Social Network,David Fincher,2010,Nicholas Barber,BBC Culture,UK
A Separation,Asghar Farhadi,2011,Nicholas Barber,BBC Culture,UK
In the Mood for Love,Wong Kar-wai,2000,Diego Batlle,La Nacion,Argentina
Spirited Away,Hayao Miyazaki,2001,Diego Batlle,La Nacion,Argentina
Boyhood,Richard Linklater,2014,Diego Batlle,La Nacion,Argentina
Mulholland Drive,David Lynch,2001,Diego Batlle,La Nacion,Argentina
The Social Network,David Fincher,2010,Diego Batlle,La Nacion,Argentina
Mulholland Drive,David Lynch,2001,NT Binh,Positif,France
In the Mood for Love,Wong Kar-wai,2000,NT Binh,Positif,France
The New World,Terrence Malick,2005,NT Binh,Positif,France
A Separation,Asghar Farhadi,2011,Lizelle Bisschoff,University of Glasgow,UK
In the Mood for Love,Wong Kar-wai,2000,Lizelle Bisschoff,University of Glasgow,UK
The Curious Case of Benjamin Button,David Fincher,2008,Christian Blauvelt,BBC Culture,US
A Serious Man,Joel and Ethan Coen,2009,Christian Blauvelt,BBC Culture,US
Children of Men,Alfonso Cuarón,2006,Andreas Borcholte,Spiegel Online,Germany
No Country For Old Men,Joel and Ethan Coen,2007,Andreas Borcholte,Spiegel Online,Germany
The Tree of Life,Terrence Malick,2011,Andreas Borcholte,Spiegel Online,Germany
Inception,Christopher Nolan,2010,Andreas Borcholte,Spiegel Online,Germany
Amour,Michael Haneke,2012,Utpal Borpujari,Freelance film critic,India
A Separation,Asghar Farhadi,2011,Utpal Borpujari,Freelance film critic,India
In the Mood for Love,Wong Kar-wai,2000,Utpal Borpujari,Freelance film critic,India
The Grand Budapest Hotel,Wes Anderson,2014,Richard Brody,The New Yorker,US
Holy Motors,Leos Carax,2012,Richard Brody,The New Yorker,US
"4 Months, 3 Weeks & 2 Days",Cristian Mungiu,2007,Hannah Brown,Jerusalem Post,Israel
The Royal Tenenbaums,Wes Anderson,2001,Hannah Brown,Jerusalem Post,Israel
No Country For Old Men,Joel and Ethan Coen,2007,Hannah Brown,Jerusalem Post,Israel
In the Mood for Love,Wong Kar-wai,2000,Hannah Brown,Jerusalem Post,Israel
Mulholland Drive,David Lynch,2001,Luke Buckmaster,The Guardian/BBC Culture,Australia
There Will Be Blood,Paul Thomas Anderson,2007,Luke Buckmaster,The Guardian/BBC Culture,Australia
"O Brother, Where Art Thou?",Joel and Ethan Coen,2000,Luke Buckmaster,The Guardian/BBC Culture,Australia
Spirited Away,Hayao Miyazaki,2001,Luke Buckmaster,The Guardian/BBC Culture,Australia
Children of Men,Alfonso Cuarón,2006,Luke Buckmaster,The Guardian/BBC Culture,Australia
In the Mood for Love,Wong Kar-wai,2000,Luke Buckmaster,The Guardian/BBC Culture,Australia
A Separation,Asghar Farhadi,2011,Luke Buckmaster,The Guardian/BBC Culture,Australia
Caché,Michael Haneke,2005,Luke Buckmaster,The Guardian/BBC Culture,Australia
Boyhood,Richard Linklater,2014,Luke Buckmaster,The Guardian/BBC Culture,Australia
The White Ribbon,Michael Haneke,2009,Luciano Castillo,Cinemateca de Cuba,Cuba
In the Mood for Love,Wong Kar-wai,2000,Luciano Castillo,Cinemateca de Cuba,Cuba
"4 Months, 3 Weeks & 2 Days",Cristian Mungiu,2007,Luciano Castillo,Cinemateca de Cuba,Cuba
Inside Llewyn Davis,Joel and Ethan Coen,2013,Monica Castillo,New York Times Watching,US
Pan's Labyrinth,Guillermo Del Toro,2006,Monica Castillo,New York Times Watching,US
In the Mood for Love,Wong Kar-wai,2000,Monica Castillo,New York Times Watching,US
Spirited Away,Hayao Miyazaki,2001,Monica Castillo,New York Times Watching,US
Eternal Sunshine of the Spotless Mind,Michel Gondry,2004,Monica Castillo,New York Times Watching,US
The Royal Tenenbaums,Wes Anderson,2001,Monica Castillo,New York Times Watching,US
Before Sunset,Richard Linklater,2004,Samuel Castro,El Colombiano,Colombia
Eternal Sunshine of the Spotless Mind,Michel Gondry,2004,Samuel Castro,El Colombiano,Colombia
Pan's Labyrinth,Guillermo Del Toro,2006,Samuel Castro,El Colombiano,Colombia
A Separation,Asghar Farhadi,2011,Samuel Castro,El Colombiano,Colombia
Mulholland Drive,David Lynch,2001,Justin Chang,Los Angeles Times,US
The Tree of Life,Terrence Malick,2011,Justin Chang,Los Angeles Times,US
In the Mood for Love,Wong Kar-wai,2000,Justin Chang,Los Angeles Times,US
Boyhood,Richard Linklater,2014,Justin Chang,Los Angeles Times,US
Zodiac,David Fincher,2007,Justin Chang,Los Angeles Times,US
The Dark Knight,Christopher Nolan,2008,Justin Chang,Los Angeles Times,US
There Will Be Blood,Paul Thomas Anderson,2007,Enrico Chiesa,AfricaFilms.TV,Senegal
A Separation,Asghar Farhadi,2011,Enrico Chiesa,AfricaFilms.TV,Senegal
No Country For Old Men,Joel and Ethan Coen,2007,Cho Seongyong,Freelance film critic,South Korea
Boyhood,Richard Linklater,2014,Cho Seongyong,Freelance film critic,South Korea
Mulholland Drive,David Lynch,2001,Cho Seongyong,Freelance film critic,South Korea
Pan's Labyrinth,Guillermo Del Toro,2006,Cho Seongyong,Freelance film critic,South Korea
The Social Network,David Fincher,2010,Cho Seongyong,Freelance film critic,South Korea
The Tree of Life,Terrence Malick,2011,Cho Seongyong,Freelance film critic,South Korea
Mulholland Drive,David Lynch,2001,Robbie Collin,The Telegraph,UK
Spirited Away,Hayao Miyazaki,2001,Robbie Collin,The Telegraph,UK
There Will Be Blood,Paul Thomas Anderson,2007,Robbie Collin,The Telegraph,UK
Children of Men,Alfonso Cuarón,2006,Scott Collura,IGN,US
Yi Yi: A One and a Two,Edward Yang,2000,Colin Covert,Minneapolis Star-Tribune,US
Mulholland Drive,David Lynch,2001,Colin Covert,Minneapolis Star-Tribune,US
Children of Men,Alfonso Cuarón,2006,Colin Covert,Minneapolis Star-Tribune,US
Yi Yi: A One and a Two,Edward Yang,2000,Oggs Cruz,Rappler.com,Philippines
Mulholland Drive,David Lynch,2001,Oggs Cruz,Rappler.com,Philippines
Spirited Away,Hayao Miyazaki,2001,Oggs Cruz,Rappler.com,Philippines
There Will Be Blood,Paul Thomas Anderson,2007,Ken Dancyger,New York University,US
The White Ribbon,Michael Haneke,2009,Ken Dancyger,New York University,US
Eternal Sunshine of the Spotless Mind,Michel Gondry,2004,Erik Davis,Fandango,US
Boyhood,Richard Linklater,2014,Erik Davis,Fandango,US
Memento,Christopher Nolan,2000,Erik Davis,Fandango,US
There Will Be Blood,Paul Thomas Anderson,2007,Erik Davis,Fandango,US
The Dark Knight,Christopher Nolan,2008,Erik Davis,Fandango,US
Inside Llewyn Davis,Joel and Ethan Coen,2013,Erik Davis,Fandango,US
Gravity,Alfonso Cuarón,2013,Erik Davis,Fandango,US
The Tree of Life,Terrence Malick,2011,Peter Debruge,Variety,US
Yi Yi: A One and a Two,Edward Yang,2000,Peter Debruge,Variety,US
Eternal Sunshine of the Spotless Mind,Michel Gondry,2004,Peter Debruge,Variety,US
Amour,Michael Haneke,2012,Peter Debruge,Variety,US
In the Mood for Love,Wong Kar-wai,2000,Fernand Denis,La Libre Belgique,Belgium
Boyhood,Richard Linklater,2014,Fernand Denis,La Libre Belgique,Belgium
"4 Months, 3 Weeks & 2 Days",Cristian Mungiu,2007,Alonso Duralde,TheWrap,US
Spirited Away,Hayao Miyazaki,2001,Alonso Duralde,TheWrap,US
In the Mood for Love,Wong Kar-wai,2000,Alonso Duralde,TheWrap,US
The Tree of Life,Terrence Malick,2011,Bilge Ebiri,The Village Voice,US
In the Mood for Love,Wong Kar-wai,2000,Bilge Ebiri,The Village Voice,US
Yi Yi: A One and a Two,Edward Yang,2000,David Ehrlich,IndieWire,US
The Wind Rises,Hayao Miyazaki,2013,David Ehrlich,IndieWire,US
Mulholland Drive,David Lynch,2001,David Ehrlich,IndieWire,US
Inside Llewyn Davis,Joel and Ethan Coen,2013,Kate Erbland,IndieWire,US
Fantastic Mr Fox,Wes Anderson,2009,Kate Erbland,IndieWire,US
Caché,Michael Haneke,2005,Mario Espinosa,Cinemateca de Cuba,Cuba
Mulholland Drive,David Lynch,2001,Mario Espinosa,Cinemateca de Cuba,Cuba
Yi Yi: A One and a Two,Edward Yang,2000,Joseph Fahim,Freelance film critic,Egypt
There Will Be Blood,Paul Thomas Anderson,2007,Joseph Fahim,Freelance film critic,Egypt
Boyhood,Richard Linklater,2014,Joseph Fahim,Freelance film critic,Egypt
Caché,Michael Haneke,2005,Joseph Fahim,Freelance film critic,Egypt
Zodiac,David Fincher,2007,Devin Faraci,Birth.Movies.Death.,US
Inside Llewyn Davis,Joel and Ethan Coen,2013,Devin Faraci,Birth.Movies.Death.,US
There Will Be Blood,Paul Thomas Anderson,2007,Devin Faraci,Birth.Movies.Death.,US
There Will Be Blood,Paul Thomas Anderson,2007,David Fear,Rolling Stone,US
"4 Months, 3 Weeks & 2 Days",Cristian Mungiu,2007,David Fear,Rolling Stone,US
Yi Yi: A One and a Two,Edward Yang,2000,David Fear,Rolling Stone,US
Boyhood,Richard Linklater,2014,David Fear,Rolling Stone,US
The Social Network,David Fincher,2010,David Fear,Rolling Stone,US
Mulholland Drive,David Lynch,2001,David Fear,Rolling Stone,US
In the Mood for Love,Wong Kar-wai,2000,David Fear,Rolling Stone,US
The Social Network,David Fincher,2010,Scott Feinberg,The Hollywood Reporter,US
A Serious Man,Joel and Ethan Coen,2009,Scott Feinberg,The Hollywood Reporter,US
Spirited Away,Hayao Miyazaki,2001,Javier Porta Fouz,La Nacion,Argentina
The Tree of Life,Terrence Malick,2011,Kenji Fujishima,Freelance film critic,US
Children of Men,Alfonso Cuarón,2006,Ernesto Garratt,El Mercurio,Chile
Mulholland Drive,David Lynch,2001,Ernesto Garratt,El Mercurio,Chile
Eternal Sunshine of the Spotless Mind,Michel Gondry,2004,Ernesto Garratt,El Mercurio,Chile
The Social Network,David Fincher,2010,Ernesto Garratt,El Mercurio,Chile
"4 Months, 3 Weeks & 2 Days",Cristian Mungiu,2007,Steven Gaydos,Variety,US
Zodiac,David Fincher,2007,Noah Gittell,Washington City Paper,US
Punch-Drunk Love,Paul Thomas Anderson,2002,Noah Gittell,Washington City Paper,US
Eternal Sunshine of the Spotless Mind,Michel Gondry,2004,Noah Gittell,Washington City Paper,US
Mulholland Drive,David Lynch,2001,Ed Gonzalez,Slant Magazine,US
In the Mood for Love,Wong Kar-wai,2000,Ed Gonzalez,Slant Magazine,US
The New World,Terrence Malick,2005,Ed Gonzalez,Slant Magazine,US
In the Mood for Love,Wong Kar-wai,2000,Juan Carlos González,El Tiempo,Colombia
"4 Months, 3 Weeks & 2 Days",Cristian Mungiu,2007,Juan Carlos González,El Tiempo,Colombia
A Separation,Asghar Farhadi,2011,Juan Carlos González,El Tiempo,Colombia
There Will Be Blood,Paul Thomas Anderson,2007,Juan Carlos González,El Tiempo,Colombia
Eternal Sunshine of the Spotless Mind,Michel Gondry,2004,Juan Carlos González,El Tiempo,Colombia
In the Mood for Love,Wong Kar-wai,2000,Carmen Gray,Berlin Critics’ Week,Germany
Zodiac,David Fincher,2007,Tim Grierson,Screen International,US
There Will Be Blood,Paul Thomas Anderson,2007,Tim Grierson,Screen International,US
Inside Llewyn Davis,Joel and Ethan Coen,2013,Tim Grierson,Screen International,US
Yi Yi: A One and a Two,Edward Yang,2000,Tim Grierson,Screen International,US
The Master,Paul Thomas Anderson,2012,Tim Grierson,Screen International,US
Boyhood,Richard Linklater,2014,Tim Grierson,Screen International,US
Memento,Christopher Nolan,2000,Jean-Philippe Guerand,L'Avant-Scène Cinéma,France
Amour,Michael Haneke,2012,Jean-Philippe Guerand,L'Avant-Scène Cinéma,France
Mulholland Drive,David Lynch,2001,Jean-Philippe Guerand,L'Avant-Scène Cinéma,France
Mulholland Drive,David Lynch,2001,Antoine Guillot,France Culture,France
Holy Motors,Leos Carax,2012,Antoine Guillot,France Culture,France
Pan's Labyrinth,Guillermo Del Toro,2006,Antoine Guillot,France Culture,France
Spirited Away,Hayao Miyazaki,2001,Antoine Guillot,France Culture,France
The New World,Terrence Malick,2005,Tom Gunning,University of Chicago,US
There Will Be Blood,Paul Thomas Anderson,2007,Hauvick Habechian,An-Nahar Newspaper,Lebanon
Mulholland Drive,David Lynch,2001,Hauvick Habechian,An-Nahar Newspaper,Lebanon
Spirited Away,Hayao Miyazaki,2001,Hauvick Habechian,An-Nahar Newspaper,Lebanon
In the Mood for Love,Wong Kar-wai,2000,Hauvick Habechian,An-Nahar Newspaper,Lebanon
Yi Yi: A One and a Two,Edward Yang,2000,Hauvick Habechian,An-Nahar Newspaper,Lebanon
Eternal Sunshine of the Spotless Mind,Michel Gondry,2004,Angie Han,Slashfilm,US
Boyhood,Richard Linklater,2014,Angie Han,Slashfilm,US
Gone Girl,David Fincher,2014,Angie Han,Slashfilm,US
Inside Llewyn Davis,Joel and Ethan Coen,2013,Angie Han,Slashfilm,US
Children of Men,Alfonso Cuarón,2006,Aisha Harris,Slate,US
Before Midnight,Richard Linklater,2013,Aisha Harris,Slate,US
A Separation,Asghar Farhadi,2011,Tina Hassannia,Freelance film critic,Canada
The Royal Tenenbaums,Wes Anderson,2001,Tina Hassannia,Freelance film critic,Canada
Fantastic Mr Fox,Wes Anderson,2012,Shiguehiko Hasumi,University of Tokyo,Japan
Holy Motors,Leos Carax,2012,Shiguehiko Hasumi,University of Tokyo,Japan
The White Ribbon,Michael Haneke,2009,Katarina Hedrén,Freelance film critic,South Africa
A Serious Man,Joel and Ethan Coen,2009,Jordan Hoffman,Freelance film critic,US
Inside Llewyn Davis,Joel and Ethan Coen,2013,Jordan Hoffman,Freelance film critic,US
Waking Life,Richard Linklater,2001,Jordan Hoffman,Freelance film critic,US
There Will Be Blood,Paul Thomas Anderson,2007,Jordan Hoffman,Freelance film critic,US
The Social Network,David Fincher,2010,Michael Hogan,Vanity Fair,US
Boyhood,Richard Linklater,2014,Michael Hogan,Vanity Fair,US
No Country For Old Men,Joel and Ethan Coen,2007,Michael Hogan,Vanity Fair,US
The Dark Knight,Christopher Nolan,2008,Michael Hogan,Vanity Fair,US
Children of Men,Alfonso Cuarón,2006,Ann Hornaday,The Washington Post,US
There Will Be Blood,Paul Thomas Anderson,2007,Ann Hornaday,The Washington Post,US
"4 Months, 3 Weeks & 2 Days",Cristian Mungiu,2007,Ann Hornaday,The Washington Post,US
Eternal Sunshine of the Spotless Mind,Michel Gondry,2004,Ann Hornaday,The Washington Post,US
Boyhood,Richard Linklater,2014,Ann Hornaday,The Washington Post,US
The Master,Paul Thomas Anderson,2012,Alexander Horwath,Austrian Film Museum,Austria
Boyhood,Richard Linklater,2014,Peter Howell,The Toronto Star,Canada
Holy Motors,Leos Carax,2012,Peter Howell,The Toronto Star,Canada
The Tree of Life,Terrence Malick,2011,Peter Howell,The Toronto Star,Canada
In the Mood for Love,Wong Kar-wai,2000,Peter Howell,The Toronto Star,Canada
Inside Llewyn Davis,Joel and Ethan Coen,2013,Peter Howell,The Toronto Star,Canada
Memento,Christopher Nolan,2000,Peter Howell,The Toronto Star,Canada
Y Tu Mamá También,Alfonso Cuarón,2001,Peter Howell,The Toronto Star,Canada
Mulholland Drive,David Lynch,2001,Peter Howell,The Toronto Star,Canada
A Separation,Asghar Farhadi,2011,Annette Insdorf,Columbia University,US
Amour,Michael Haneke,2012,Annette Insdorf,Columbia University,US
The Dark Knight,Christopher Nolan,2008,Aysha Iqbal,Indian Institute of Technology,India
Inception,Christopher Nolan,2010,Aysha Iqbal,Indian Institute of Technology,India
In the Mood for Love,Wong Kar-wai,2000,Aysha Iqbal,Indian Institute of Technology,India
No Country For Old Men,Joel and Ethan Coen,2007,Aysha Iqbal,Indian Institute of Technology,India
The Tree of Life,Terrence Malick,2011,Zhanna Issabayeva,Freelance film critic,Kazakhstan
Boyhood,Richard Linklater,2014,Zhanna Issabayeva,Freelance film critic,Kazakhstan
Caché,Michael Haneke,2005,Larushka Ivan-Zadeh,Metro,UK
Spirited Away,Hayao Miyazaki,2001,Larushka Ivan-Zadeh,Metro,UK
Boyhood,Richard Linklater,2014,Larushka Ivan-Zadeh,Metro,UK
In the Mood for Love,Wong Kar-wai,2000,Nick James,Sight & Sound,UK
Caché,Michael Haneke,2005,Nick James,Sight & Sound,UK
Yi Yi: A One and a Two,Edward Yang,2000,Nick James,Sight & Sound,UK
There Will Be Blood,Paul Thomas Anderson,2007,Nick James,Sight & Sound,UK
The Tree of Life,Terrence Malick,2011,David Jenkins,Little White Lies,UK
Punch-Drunk Love,Paul Thomas Anderson,2002,David Jenkins,Little White Lies,UK
The Master,Paul Thomas Anderson,2012,Kent Jones,Film Comment,US
The Tree of Life,Terrence Malick,2011,Kent Jones,Film Comment,US
Zodiac,David Fincher,2007,Kent Jones,Film Comment,US
There Will Be Blood,Paul Thomas Anderson,2007,Kent Jones,Film Comment,US
A Serious Man,Joel and Ethan Coen,2009,Kent Jones,Film Comment,US
Moonrise Kingdom,Wes Anderson,2012,Kent Jones,Film Comment,US
Spirited Away,Hayao Miyazaki,2001,Manuel Kalmanovitz,Revista Semana,Colombia
Mulholland Drive,David Lynch,2001,Manuel Kalmanovitz,Revista Semana,Colombia
The Tree of Life,Terrence Malick,2011,Dominik Kamalzadeh,Der Standard,Austria
Holy Motors,Leos Carax,2012,Dominik Kamalzadeh,Der Standard,Austria
The Royal Tenenbaums,Wes Anderson,2001,Butheina Kazim,Cinema Akil,UAE
Inside Llewyn Davis,Joel and Ethan Coen,2013,Glenn Kenny,Freelance,US
The Master,Paul Thomas Anderson,2012,Glenn Kenny,Freelance,US
There Will Be Blood,Paul Thomas Anderson,2007,Glenn Kenny,Freelance,US
In the Mood for Love,Wong Kar-wai,2000,Andreas Kilb,Frankfurter Allgemeine Zeitung,Germany
The White Ribbon,Michael Haneke,2009,Andreas Kilb,Frankfurter Allgemeine Zeitung,Germany
"4 Months, 3 Weeks & 2 Days",Cristian Mungiu,2007,Uri Klein,Haaretz,Israel
A Separation,Asghar Farhadi,2011,Uri Klein,Haaretz,Israel
Boyhood,Richard Linklater,2014,Eric Kohn,IndieWire,US
Holy Motors,Leos Carax,2012,Eric Kohn,IndieWire,US
Eternal Sunshine of the Spotless Mind,Michel Gondry,2004,Eric Kohn,IndieWire,US
Spirited Away,Hayao Miyazaki,2001,Dan Kois,Slate,US
Yi Yi: A One and a Two,Edward Yang,2000,Dan Kois,Slate,US
Before Sunset,Richard Linklater,2004,Dan Kois,Slate,US
Mulholland Drive,David Lynch,2001,Michael Koresky,The Film Society of Lincoln Center,US
The Tree of Life,Terrence Malick,2011,Michael Koresky,The Film Society of Lincoln Center,US
Before Sunset,Richard Linklater,2004,Michael Koresky,The Film Society of Lincoln Center,US
A Separation,Asghar Farhadi,2011,Tomris Laffly,Freelance film critic,US
Inside Llewyn Davis,Joel and Ethan Coen,2013,Tomris Laffly,Freelance film critic,US
The White Ribbon,Michael Haneke,2009,Rebecca Laurence,BBC Culture,UK
No Country For Old Men,Joel and Ethan Coen,2007,Rebecca Laurence,BBC Culture,UK
A Separation,Asghar Farhadi,2011,Rebecca Laurence,BBC Culture,UK
In the Mood for Love,Wong Kar-wai,2000,Rebecca Laurence,BBC Culture,UK
Children of Men,Alfonso Cuarón,2006,Richard Lawson,Vanity Fair,US
No Country For Old Men,Joel and Ethan Coen,2007,Richard Lawson,Vanity Fair,US
Before Sunset,Richard Linklater,2004,Richard Lawson,Vanity Fair,US
Eternal Sunshine of the Spotless Mind,Michel Gondry,2004,Richard Lawson,Vanity Fair,US
Caché,Michael Haneke,2005,Richard Lawson,Vanity Fair,US
Yi Yi: A One and a Two,Edward Yang,2000,Maggie Lee,Variety,Hong Kong
"4 Months, 3 Weeks & 2 Days",Cristian Mungiu,2007,Maggie Lee,Variety,Hong Kong
The White Ribbon,Michael Haneke,2009,Maggie Lee,Variety,Hong Kong
In the Mood for Love,Wong Kar-wai,2000,Maggie Lee,Variety,Hong Kong
Spirited Away,Hayao Miyazaki,2001,Maggie Lee,Variety,Hong Kong
A Separation,Asghar Farhadi,2011,Maggie Lee,Variety,Hong Kong
The Grand Budapest Hotel,Wes Anderson,2014,Anastasiya Lelyukh,Front Row Filmed Entertainment,UAE
Pan's Labyrinth,Guillermo Del Toro,2006,Anastasiya Lelyukh,Front Row Filmed Entertainment,UAE
Inception,Christopher Nolan,2010,Anastasiya Lelyukh,Front Row Filmed Entertainment,UAE
The Curious Case of Benjamin Button,David Fincher,2008,Anastasiya Lelyukh,Front Row Filmed Entertainment,UAE
Eternal Sunshine of the Spotless Mind,Michel Gondry,2004,Guy Lodge,Variety/The Observer,UK
Spirited Away,Hayao Miyazaki,2001,Guy Lodge,Variety/The Observer,UK
Gravity,Alfonso Cuarón,2013,Guy Lodge,Variety/The Observer,UK
In the Mood for Love,Wong Kar-wai,2000,Mario Naito López,Cuban Film Press Association,Cuba
The White Ribbon,Michael Haneke,2009,Mario Naito López,Cuban Film Press Association,Cuba
In the Mood for Love,Wong Kar-wai,2000,Verena Lueken,Frankfurter Allgemeine Zeitung,Germany
Mulholland Drive,David Lynch,2001,Verena Lueken,Frankfurter Allgemeine Zeitung,Germany
Spirited Away,Hayao Miyazaki,2001,Verena Lueken,Frankfurter Allgemeine Zeitung,Germany
In the Mood for Love,Wong Kar-wai,2000,Fiona Macdonald,BBC Culture,UK
Eternal Sunshine of the Spotless Mind,Michel Gondry,2004,Fiona Macdonald,BBC Culture,UK
"O Brother, Where Art Thou?",Joel and Ethan Coen,2000,Fiona Macdonald,BBC Culture,UK
The Social Network,David Fincher,2010,Laya Maheshwari,Freelance film critic,India
The Grand Budapest Hotel,Wes Anderson,2014,Laya Maheshwari,Freelance film critic,India
The Tree of Life,Terrence Malick,2011,Laya Maheshwari,Freelance film critic,India
Holy Motors,Leos Carax,2012,Laya Maheshwari,Freelance film critic,India
Pan's Labyrinth,Guillermo Del Toro,2006,Laya Maheshwari,Freelance film critic,India
No Country For Old Men,Joel and Ethan Coen,2007,Ben Mankiewicz,Turner Classic Movies,US
A Separation,Asghar Farhadi,2011,Ben Mankiewicz,Turner Classic Movies,US
Memento,Christopher Nolan,2000,Ben Mankiewicz,Turner Classic Movies,US
Mulholland Drive,David Lynch,2001,Calum Marsh,Freelance film critic,Canada
Yi Yi: A One and a Two,Edward Yang,2000,Lee Marshall,Screen International,Italy
The White Ribbon,Michael Haneke,2009,Lee Marshall,Screen International,Italy
Spirited Away,Hayao Miyazaki,2001,Lee Marshall,Screen International,Italy
"4 Months, 3 Weeks & 2 Days",Cristian Mungiu,2007,Lee Marshall,Screen International,Italy
No Country For Old Men,Joel and Ethan Coen,2007,Lee Marshall,Screen International,Italy
A Separation,Asghar Farhadi,2011,Lee Marshall,Screen International,Italy
Holy Motors,Leos Carax,2012,Adrian Martin,Lola Magazine,Australia
No Country For Old Men,Joel and Ethan Coen,2007,Antonio Martínez,El Mercurio,Chile
Spirited Away,Hayao Miyazaki,2001,Antonio Martínez,El Mercurio,Chile
Zodiac,David Fincher,2007,Todd McCarthy,The Hollywood Reporter,US
Mulholland Drive,David Lynch,2001,Todd McCarthy,The Hollywood Reporter,US
Children of Men,Alfonso Cuarón,2006,Todd McCarthy,The Hollywood Reporter,US
Fantastic Mr Fox,Wes Anderson,2009,Todd McCarthy,The Hollywood Reporter,US
The New World,Terrence Malick,2005,Joe McElhaney,Hunter College,US
Eternal Sunshine of the Spotless Mind,Michel Gondry,2004,Drew McWeeny,HitFix,US
Holy Motors,Leos Carax,2012,Drew McWeeny,HitFix,US
Inherent Vice,Paul Thomas Anderson,2014,Kim Morgan,Sight & Sound/Criterion,US
Mulholland Drive,David Lynch,2001,Kim Morgan,Sight & Sound/Criterion,US
There Will Be Blood,Paul Thomas Anderson,2007,Kim Morgan,Sight & Sound/Criterion,US
A Serious Man,Joel and Ethan Coen,2009,Kim Morgan,Sight & Sound/Criterion,US
Mulholland Drive,David Lynch,2001,Kate Muir,The Times,UK
The Tree of Life,Terrence Malick,2011,Kate Muir,The Times,UK
Boyhood,Richard Linklater,2014,Kate Muir,The Times,UK
Amour,Michael Haneke,2012,Kate Muir,The Times,UK
Before Midnight,Richard Linklater,2013,Chris Nashawaty,Entertainment Weekly,US
Eternal Sunshine of the Spotless Mind,Michel Gondry,2004,Chris Nashawaty,Entertainment Weekly,US
The Social Network,David Fincher,2010,Chris Nashawaty,Entertainment Weekly,US
The Grand Budapest Hotel,Wes Anderson,2014,Chris Nashawaty,Entertainment Weekly,US
Yi Yi: A One and a Two,Edward Yang,2000,Farran Smith Nehme,The New York Post/Film Comment,US
A Separation,Asghar Farhadi,2011,Farran Smith Nehme,The New York Post/Film Comment,US
"4 Months, 3 Weeks & 2 Days",Cristian Mungiu,2007,Farran Smith Nehme,The New York Post/Film Comment,US
About Elly,Asghar Farhadi,2009,Farran Smith Nehme,The New York Post/Film Comment,US
Inside Llewyn Davis,Joel and Ethan Coen,2013,Joe Neumaier,WOR-710AM New York,US
There Will Be Blood,Paul Thomas Anderson,2007,Joe Neumaier,WOR-710AM New York,US
Boyhood,Richard Linklater,2014,Joe Neumaier,WOR-710AM New York,US
Pan's Labyrinth,Guillermo Del Toro,2006,Chris Newbould,The National,UAE
Boyhood,Richard Linklater,2014,Chris Newbould,The National,UAE
Eternal Sunshine of the Spotless Mind,Michel Gondry,2004,Amy Nicholson,MTV News,US
The Grand Budapest Hotel,Wes Anderson,2014,Amy Nicholson,MTV News,US
The Dark Knight,Christopher Nolan,2008,Amy Nicholson,MTV News,US
Children of Men,Alfonso Cuarón,2006,Amy Nicholson,MTV News,US
Memento,Christopher Nolan,2000,Ong Soh Chin,Freelance,Singapore
Boyhood,Richard Linklater,2014,Susanne Ostwald,Neue Zürcher Zeitung,Switzerland
The White Ribbon,Michael Haneke,2009,Susanne Ostwald,Neue Zürcher Zeitung,Switzerland
A Separation,Asghar Farhadi,2011,Susanne Ostwald,Neue Zürcher Zeitung,Switzerland
Spirited Away,Hayao Miyazaki,2001,Susanne Ostwald,Neue Zürcher Zeitung,Switzerland
Caché,Michael Haneke,2005,Matthew Patches,Thrillist,US
Spirited Away,Hayao Miyazaki,2001,Matthew Patches,Thrillist,US
Eternal Sunshine of the Spotless Mind,Michel Gondry,2004,Matthew Patches,Thrillist,US
The Tree of Life,Terrence Malick,2011,Matthew Patches,Thrillist,US
The Grand Budapest Hotel,Wes Anderson,2014,Matthew Patches,Thrillist,US
No Country For Old Men,Joel and Ethan Coen,2007,Matthew Patches,Thrillist,US
There Will Be Blood,Paul Thomas Anderson,2007,Steve Persall,Tampa Bay Times,US
Pan's Labyrinth,Guillermo Del Toro,2006,Steve Persall,Tampa Bay Times,US
Children of Men,Alfonso Cuarón,2006,Steve Persall,Tampa Bay Times,US
The Dark Knight,Christopher Nolan,2008,Steve Persall,Tampa Bay Times,US
A Serious Man,Joel and Ethan Coen,2009,Steve Persall,Tampa Bay Times,US
"O Brother, Where Art Thou?",Joel and Ethan Coen,2000,Steve Persall,Tampa Bay Times,US
There Will Be Blood,Paul Thomas Anderson,2007,Michael Phillips,Chicago Tribune,US
Mulholland Drive,David Lynch,2001,Michael Phillips,Chicago Tribune,US
Y Tu Mamá También,Alfonso Cuarón,2001,Michael Phillips,Chicago Tribune,US
Boyhood,Richard Linklater,2014,Michael Phillips,Chicago Tribune,US
The Grand Budapest Hotel,Wes Anderson,2014,Michael Phillips,Chicago Tribune,US
Zodiac,David Fincher,2007,Michael Phillips,Chicago Tribune,US
Yi Yi: A One and a Two,Edward Yang,2000,Keith Phipps,Uproxx,US
Y Tu Mamá También,Alfonso Cuarón,2001,Keith Phipps,Uproxx,US
Mulholland Drive,David Lynch,2001,Keith Phipps,Uproxx,US
Waking Life,Richard Linklater,2001,Keith Phipps,Uproxx,US
In the Mood for Love,Wong Kar-wai,2000,Keith Phipps,Uproxx,US
Moonrise Kingdom,Wes Anderson,2012,Keith Phipps,Uproxx,US
Spirited Away,Hayao Miyazaki,2001,Hannah Pilarczyk,Der Spiegel,Germany
The Master,Paul Thomas Anderson,2012,Hannah Pilarczyk,Der Spiegel,Germany
Caché,Michael Haneke,2005,Hannah Pilarczyk,Der Spiegel,Germany
The White Ribbon,Michael Haneke,2009,Agnès C Poirier,Marianne,France
Boyhood,Richard Linklater,2014,Claudia Puig,Freelance film critic,US
Pan's Labyrinth,Guillermo Del Toro,2006,Claudia Puig,Freelance film critic,US
A Separation,Asghar Farhadi,2011,Zakir Hossein Raju,Independent University,Bangladesh
In the Mood for Love,Wong Kar-wai,2000,Zakir Hossein Raju,Independent University,Bangladesh
Spirited Away,Hayao Miyazaki,2001,Zakir Hossein Raju,Independent University,Bangladesh
Holy Motors,Leos Carax,2012,Alberto Ramos Ruiz,La Habana International Festival of New Latin American Cinema,Cuba
The Tree of Life,Terrence Malick,2011,Jordan Raup,The Film Stage,US
In the Mood for Love,Wong Kar-wai,2000,Jordan Raup,The Film Stage,US
Inside Llewyn Davis,Joel and Ethan Coen,2013,Jordan Raup,The Film Stage,US
Zodiac,David Fincher,2007,Jordan Raup,The Film Stage,US
Inherent Vice,Paul Thomas Anderson,2014,Jordan Raup,The Film Stage,US
Children of Men,Alfonso Cuarón,2006,Jordan Raup,The Film Stage,US
Mulholland Drive,David Lynch,2001,Isabelle Regnier,Le Monde,France
Pan's Labyrinth,Guillermo Del Toro,2006,Mauricio Reina,El Tiempo,Colombia
There Will Be Blood,Paul Thomas Anderson,2007,Mauricio Reina,El Tiempo,Colombia
A Separation,Asghar Farhadi,2011,Mauricio Reina,El Tiempo,Colombia
Inside Llewyn Davis,Joel and Ethan Coen,2013,Scott Renshaw,Salt Lake City Weekly,US
The Master,Paul Thomas Anderson,2012,Scott Renshaw,Salt Lake City Weekly,US
In the Mood for Love,Wong Kar-wai,2000,Scott Renshaw,Salt Lake City Weekly,US
Eternal Sunshine of the Spotless Mind,Michel Gondry,2004,Scott Renshaw,Salt Lake City Weekly,US
Holy Motors,Leos Carax,2012,Scott Renshaw,Salt Lake City Weekly,US
Eternal Sunshine of the Spotless Mind,Michel Gondry,2004,Katey Rich,Vanity Fair,US
In the Mood for Love,Wong Kar-wai,2000,Katey Rich,Vanity Fair,US
There Will Be Blood,Paul Thomas Anderson,2007,Katey Rich,Vanity Fair,US
"4 Months, 3 Weeks & 2 Days",Cristian Mungiu,2007,Katey Rich,Vanity Fair,US
The New World,Terrence Malick,2005,Carrie Rickey,Freelance film critic,US
Pan's Labyrinth,Guillermo Del Toro,2006,Carrie Rickey,Freelance film critic,US
The Social Network,David Fincher,2010,Carrie Rickey,Freelance film critic,US
Eternal Sunshine of the Spotless Mind,Michel Gondry,2004,Sam Rigby,BBC Culture,UK
The Dark Knight,Christopher Nolan,2008,Sam Rigby,BBC Culture,UK
Inside Llewyn Davis,Joel and Ethan Coen,2013,Sam Rigby,BBC Culture,UK
In the Mood for Love,Wong Kar-wai,2000,Antonio Mazón Robau,Cinemateca de Cuba,Cuba
Mulholland Drive,David Lynch,2001,Tim Robey,The Daily Telegraph,UK
There Will Be Blood,Paul Thomas Anderson,2007,Tim Robey,The Daily Telegraph,UK
The Prestige,Christopher Nolan,2006,Tasha Robinson,The Verge,US
Spirited Away,Hayao Miyazaki,2001,Tasha Robinson,The Verge,US
Memento,Christopher Nolan,2000,Tasha Robinson,The Verge,US
Mulholland Drive,David Lynch,2001,Rene Rodriguez,The Miami Herald,US
In the Mood for Love,Wong Kar-wai,2000,Rene Rodriguez,The Miami Herald,US
No Country For Old Men,Joel and Ethan Coen,2007,Rene Rodriguez,The Miami Herald,US
There Will Be Blood,Paul Thomas Anderson,2007,Rene Rodriguez,The Miami Herald,US
Spirited Away,Hayao Miyazaki,2001,Rene Rodriguez,The Miami Herald,US
Yi Yi: A One and a Two,Edward Yang,2000,Rene Rodriguez,The Miami Herald,US
A Separation,Asghar Farhadi,2011,Rene Rodriguez,The Miami Herald,US
The Royal Tenenbaums,Wes Anderson,2001,Jonathan Romney,Freelance film critic,UK
Zodiac,David Fincher,2007,Alyssa Rosenberg,The Washington Post,US
Spirited Away,Hayao Miyazaki,2001,Alyssa Rosenberg,The Washington Post,US
2046,Wong Kar-wai,2004,Alyssa Rosenberg,The Washington Post,US
Moonrise Kingdom,Wes Anderson,2012,Alyssa Rosenberg,The Washington Post,US
Boyhood,Richard Linklater,2014,Alyssa Rosenberg,The Washington Post,US
About Elly,Asghar Farhadi,2009,E Nina Rothe,The Huffington Post,Italy
Zodiac,David Fincher,2007,Joshua Rothkopf,Time Out New York,US
Mulholland Drive,David Lynch,2001,Joshua Rothkopf,Time Out New York,US
In the Mood for Love,Wong Kar-wai,2000,Joshua Rothkopf,Time Out New York,US
Yi Yi: A One and a Two,Edward Yang,2000,Joshua Rothkopf,Time Out New York,US
Boyhood,Richard Linklater,2014,Joshua Rothkopf,Time Out New York,US
A Serious Man,Joel and Ethan Coen,2009,Joshua Rothkopf,Time Out New York,US
The Tree of Life,Terrence Malick,2011,Mohammed Rouda,Asharq Al-Awsat,Lebanon
Children of Men,Alfonso Cuarón,2006,Mohammed Rouda,Asharq Al-Awsat,Lebanon
There Will Be Blood,Paul Thomas Anderson,2007,Mohammed Rouda,Asharq Al-Awsat,Lebanon
Inside Llewyn Davis,Joel and Ethan Coen,2013,Mike Ryan,Uproxx,US
Punch-Drunk Love,Paul Thomas Anderson,2002,Mike Ryan,Uproxx,US
Zodiac,David Fincher,2007,Mike Ryan,Uproxx,US
Eternal Sunshine of the Spotless Mind,Michel Gondry,2004,Mike Ryan,Uproxx,US
The Social Network,David Fincher,2010,Mike Ryan,Uproxx,US
In the Mood for Love,Wong Kar-wai,2000,Alaka Sahani,The Indian Express,India
Eternal Sunshine of the Spotless Mind,Michel Gondry,2004,Alaka Sahani,The Indian Express,India
Inception,Christopher Nolan,2010,Alaka Sahani,The Indian Express,India
Caché,Michael Haneke,2005,Eric Sasono,Freelance film critic,Indonesia
Spirited Away,Hayao Miyazaki,2001,Eric Sasono,Freelance film critic,Indonesia
A Separation,Asghar Farhadi,2011,Eric Sasono,Freelance film critic,Indonesia
The New World,Terrence Malick,2005,Nick Schager,Variety,US
Mulholland Drive,David Lynch,2001,Nick Schager,Variety,US
Zodiac,David Fincher,2007,Nick Schager,Variety,US
There Will Be Blood,Paul Thomas Anderson,2007,Nick Schager,Variety,US
In the Mood for Love,Wong Kar-wai,2000,Nick Schager,Variety,US
The Tree of Life,Terrence Malick,2011,Nick Schager,Variety,US
In the Mood for Love,Wong Kar-wai,2000,Missy Schwartz,Freelance film critic,US
No Country For Old Men,Joel and Ethan Coen,2007,Missy Schwartz,Freelance film critic,US
The Tree of Life,Terrence Malick,2011,Matt Zoller Seitz,New York Magazine,US
Knight of Cups,Terrence Malick,2015,Matt Zoller Seitz,New York Magazine,US
Inherent Vice,Paul Thomas Anderson,2014,Matt Zoller Seitz,New York Magazine,US
The Grand Budapest Hotel,Wes Anderson,2014,Matt Zoller Seitz,New York Magazine,US
A Separation,Asghar Farhadi,2011,Matt Zoller Seitz,New York Magazine,US
Boyhood,Richard Linklater,2014,Avner Shavit,Walla,Israel
Mulholland Drive,David Lynch,2001,Avner Shavit,Walla,Israel
There Will Be Blood,Paul Thomas Anderson,2007,Catherine Shoard,The Guardian,UK
Before Sunset,Richard Linklater,2004,Catherine Shoard,The Guardian,UK
Yi Yi: A One and a Two,Edward Yang,2000,Yael Shuv,Time Out Tel Aviv,Israel
Spirited Away,Hayao Miyazaki,2001,Yael Shuv,Time Out Tel Aviv,Israel
There Will Be Blood,Paul Thomas Anderson,2007,Yael Shuv,Time Out Tel Aviv,Israel
The Grand Budapest Hotel,Wes Anderson,2014,Yael Shuv,Time Out Tel Aviv,Israel
Memento,Christopher Nolan,2000,Yael Shuv,Time Out Tel Aviv,Israel
Boyhood,Richard Linklater,2014,Matt Singer,ScreenCrush,US
Holy Motors,Leos Carax,2012,Matt Singer,ScreenCrush,US
Mulholland Drive,David Lynch,2001,Matt Singer,ScreenCrush,US
Memento,Christopher Nolan,2000,Matt Singer,ScreenCrush,US
The Master,Paul Thomas Anderson,2012,Matt Singer,ScreenCrush,US
Inside Llewyn Davis,Joel and Ethan Coen,2013,Matt Singer,ScreenCrush,US
Caché,Michael Haneke,2005,Justine A Smith,Freelance film critic,Canada
Zodiac,David Fincher,2007,Justine A Smith,Freelance film critic,Canada
Amour,Michael Haneke,2012,Justine A Smith,Freelance film critic,Canada
The Master,Paul Thomas Anderson,2012,Justine A Smith,Freelance film critic,Canada
Inside Llewyn Davis,Joel and Ethan Coen,2013,Justine A Smith,Freelance film critic,Canada
Memento,Christopher Nolan,2000,Eric D Snider,Freelance film critic,US
Holy Motors,Leos Carax,2012,Eric D Snider,Freelance film critic,US
Inside Llewyn Davis,Joel and Ethan Coen,2013,Eric D Snider,Freelance film critic,US
Mulholland Drive,David Lynch,2001,Soh Jae Yong,Seoul Institute of the Arts,South Korea
No Country For Old Men,Joel and Ethan Coen,2007,Soh Jae Yong,Seoul Institute of the Arts,South Korea
Memento,Christopher Nolan,2000,Soh Jae Yong,Seoul Institute of the Arts,South Korea
In the Mood for Love,Wong Kar-wai,2000,Soh Jae Yong,Seoul Institute of the Arts,South Korea
Children of Men,Alfonso Cuarón,2006,Soh Jae Yong,Seoul Institute of the Arts,South Korea
Mulholland Drive,David Lynch,2001,Fernanda Solórzano,Letras Libres Magazine,Mexico
Eternal Sunshine of the Spotless Mind,Michel Gondry,2004,Fernanda Solórzano,Letras Libres Magazine,Mexico
The White Ribbon,Michael Haneke,2009,Fernanda Solórzano,Letras Libres Magazine,Mexico
Amour,Michael Haneke,2012,David Stratton,The Australian,Australia
A Separation,Asghar Farhadi,2011,David Stratton,The Australian,Australia
No Country For Old Men,Joel and Ethan Coen,2007,David Stratton,The Australian,Australia
The New World,Terrence Malick,2005,Cédric Succivalli,International Cinephile Society,Italy
The White Ribbon,Michael Haneke,2009,Alin Tasciyan,Star,Turkey
In the Mood for Love,Wong Kar-wai,2000,Alin Tasciyan,Star,Turkey
Spirited Away,Hayao Miyazaki,2001,Alin Tasciyan,Star,Turkey
Mulholland Drive,David Lynch,2001,Charles Taylor,The Yale Review,US
Fantastic Mr Fox,Wes Anderson,2009,Charles Taylor,The Yale Review,US
The Master,Paul Thomas Anderson,2012,Ella Taylor,NPR.org,US
"4 Months, 3 Weeks & 2 Days",Cristian Mungiu,2007,Ella Taylor,NPR.org,US
The Grand Budapest Hotel,Wes Anderson,2014,Stephen Teo,Nanyang Techological University,Singapore
Inception,Christopher Nolan,2010,Stephen Teo,Nanyang Techological University,Singapore
No Country For Old Men,Joel and Ethan Coen,2007,Stephen Teo,Nanyang Techological University,Singapore
Spirited Away,Hayao Miyazaki,2001,Stephen Teo,Nanyang Techological University,Singapore
In the Mood for Love,Wong Kar-wai,2000,Stephen Teo,Nanyang Techological University,Singapore
Holy Motors,Leos Carax,2012,Kristin Thompson,University of Wisconsin-Madison,US
In the Mood for Love,Wong Kar-wai,2000,Kristin Thompson,University of Wisconsin-Madison,US
Gravity,Alfonso Cuarón,2013,Kristin Thompson,University of Wisconsin-Madison,US
There Will Be Blood,Paul Thomas Anderson,2007,Kristin Thompson,University of Wisconsin-Madison,US
About Elly,Asghar Farhadi,2009,Kristin Thompson,University of Wisconsin-Madison,US
Moonrise Kingdom,Wes Anderson,2012,Kristin Thompson,University of Wisconsin-Madison,US
Pan's Labyrinth,Guillermo Del Toro,2006,Kristin Thompson,University of Wisconsin-Madison,US
The Tree of Life,Terrence Malick,2011,Scott Tobias,Freelance film critic,US
Boyhood,Richard Linklater,2014,Scott Tobias,Freelance film critic,US
Zodiac,David Fincher,2007,Scott Tobias,Freelance film critic,US
Yi Yi: A One and a Two,Edward Yang,2000,Scott Tobias,Freelance film critic,US
A Separation,Asghar Farhadi,2011,Scott Tobias,Freelance film critic,US
There Will Be Blood,Paul Thomas Anderson,2007,Scott Tobias,Freelance film critic,US
Mulholland Drive,David Lynch,2001,Peter Travers,Rolling Stone,US
There Will Be Blood,Paul Thomas Anderson,2007,Peter Travers,Rolling Stone,US
No Country For Old Men,Joel and Ethan Coen,2007,Peter Travers,Rolling Stone,US
The Social Network,David Fincher,2010,Peter Travers,Rolling Stone,US
Children of Men,Alfonso Cuarón,2006,Peter Travers,Rolling Stone,US
In the Mood for Love,Wong Kar-wai,2000,Peter Travers,Rolling Stone,US
Memento,Christopher Nolan,2000,Peter Travers,Rolling Stone,US
The Dark Knight,Christopher Nolan,2008,Brian Truitt,USA Today,US
The Dark Knight,Christopher Nolan,2008,Rahul Verma,Freelance film critic,UK
Pan's Labyrinth,Guillermo Del Toro,2006,Rahul Verma,Freelance film critic,UK
Mulholland Drive,David Lynch,2001,Wen Tien-Hsiang,Taipei Golden Horse Film Festival,Taiwan
A Separation,Asghar Farhadi,2011,Wen Tien-Hsiang,Taipei Golden Horse Film Festival,Taiwan
In the Mood for Love,Wong Kar-wai,2000,Wen Tien-Hsiang,Taipei Golden Horse Film Festival,Taiwan
Spirited Away,Hayao Miyazaki,2001,Wen Tien-Hsiang,Taipei Golden Horse Film Festival,Taiwan
"4 Months, 3 Weeks & 2 Days",Cristian Mungiu,2007,Wen Tien-Hsiang,Taipei Golden Horse Film Festival,Taiwan
Yi Yi: A One and a Two,Edward Yang,2000,Wen Tien-Hsiang,Taipei Golden Horse Film Festival,Taiwan
There Will Be Blood,Paul Thomas Anderson,2007,Stephen Whitty,Freelance film critic,US
Pan's Labyrinth,Guillermo Del Toro,2006,Stephen Whitty,Freelance film critic,US
Boyhood,Richard Linklater,2014,Stephen Whitty,Freelance film critic,US
"4 Months, 3 Weeks & 2 Days",Cristian Mungiu,2007,Stephen Whitty,Freelance film critic,US
A Separation,Asghar Farhadi,2011,Stephen Whitty,Freelance film critic,US
The Royal Tenenbaums,Wes Anderson,2001,Stephen Whitty,Freelance film critic,US
No Country For Old Men,Joel and Ethan Coen,2007,Stephen Whitty,Freelance film critic,US
No Country For Old Men,Joel and Ethan Coen,2007,Alissa Wilkinson,Christianity Today,US
There Will Be Blood,Paul Thomas Anderson,2007,Alissa Wilkinson,Christianity Today,US
The Social Network,David Fincher,2010,Alissa Wilkinson,Christianity Today,US
Yi Yi: A One and a Two,Edward Yang,2000,Alissa Wilkinson,Christianity Today,US
The Tree of Life,Terrence Malick,2011,Jake Wilson,Fairfax Media,Australia
Be Kind Rewind,Michel Gondry,2008,Jake Wilson,Fairfax Media,Australia
Mulholland Drive,David Lynch,2001,Stephanie Zacharek,Time Magazine,US
Yi Yi: A One and a Two,Edward Yang,2000,Stephanie Zacharek,Time Magazine,US
Children of Men,Alfonso Cuarón,2006,Stephanie Zacharek,Time Magazine,US
In the Mood for Love,Wong Kar-wai,2000,Chadi Zeneddine,Doha Film Institute,Qatar
The Tree of Life,Terrence Malick,2011,Chadi Zeneddine,Doha Film Institute,Qatar
Spirited Away,Hayao Miyazaki,2001,Chadi Zeneddine,Doha Film Institute,Qatar
Mulholland Drive,David Lynch,2001,Chadi Zeneddine,Doha Film Institute,Qatar
Eternal Sunshine of the Spotless Mind,Michel Gondry,2004,Chadi Zeneddine,Doha Film Institute,Qatar
Amour,Michael Haneke,2012,Chadi Zeneddine,Doha Film Institute,Qatar
A Separation,Asghar Farhadi,2011,Raymond Zhou,China Daily,China
